seq,부서,세부사업,개별사업,통계목추정,매칭상태,점수,조서구분,DB부서,DB세부사업,bgt_dgr,te_bgt_compo_id,기존구분글자수,기존검토글자수,비고,구분초안,검토내용초안
"1","도시계획과","부산광역시 도시기본계획 수립","2040년 부산도시기본계획(변경) 수립(401-01)","40101","EXACT","1.08","투자심사조서","도시계획과","부산광역시 도시기본계획 수립","4","R1004764109","100","266","","· 위치(구간) : 부산광역시 전 행정구역 및 항만·어항구역 | · 사업규모 : 2040년 부산도시기본계획 수립용역 1식(A=993.54㎢) | · 총사업비 : 1,300백만원(용역 1,300) | ※ 재원부담 : 시비 100% | · 사업기간 : (신규) 2026년 ~ 2028년(2년간) | · 2026년~2028, 도시계획과","○ 요구내용(사업설명서 기반 초안) | -「국토계획법」제23조에 따라 2023년 3월 확정된 2040년 부산도시기본계획을 | 변화된 도시여건을 감안하여 타당성 재검토(5년 주기)토록 규정(법정계획) | 새정부 국정과제 및 민선9기 정책목표 수용,「제5차 | 국토종합계획 | 수정계획 | (’26~’40)」 | 등을 반영한 장기발전 방향에 부합하는 도시기본계획 변경수립 필요 | 국토부 도시기본계획 제도개편( | ◈ 검토의견 | - (심사자 작성) 사업설명서 대비 요구 타당성·재원·시기 검토 후 기재"
"2","도시계획과","인력운영비","인력운영비(101-03)","10103","UNMATCHED","0","경상심사조서","","","4","","69","122","부서불일치로 매칭 취소","· 근 거 : ｢부산광역시 공무직 및 기간제노동자 인사관리규정」 등 | · 사업기간 : (계속) 2026년 | · 시행주체 : 부산광역시 | · 추경예산안(비교증감) : 3,701천원(시비) | ※ 재원부담 : 시비 100% | · 사업내용 | 도시계획과","○ 추진상황 | - ’26. 1.~12. 월별 균등 지급 | ○ 요구내용(사업설명서 기반 초안) | - 추경예산안(비교증감) : 3,701천원(시비) | ◈ 검토의견 | - (심사자 작성) 사업설명서 대비 요구 타당성·재원·시기 검토 후 기재"
"3","도로계획과","식만~사상 혼잡도로 (중기주요사업)","식만~사상 혼잡도로(401-01등)","40101","EXACT","1","투자심사조서","도로계획과","식만~사상 혼잡도로","4","R0000209189","126","255","","· 위치(구간): 강서구 식만동(식만JCT)~사상구 삼락동(사상공단) | · 사업규모: 도로건설 L=8.24km, B=20m(4차로) | · 총사업비: 393,370백만원(공사 288,697, 보상 85,582, 기타 21,357) | ※ 재원부담: 설계비(국비), 보상비(시비), 공사비(국비 50%. 시비 50%) | · 사업기간: (계속) 2014년 ~ 2030년(17년간) | · 사업내용: 서부산권 물류허브 플랫폼 배후도로망 구축 및 기존 낙동강 횡단 교량의 만성적인 교통난 해소 | · 2014년~2030, 도로계획과","○ 요구내용(사업설명서 기반 초안) | - 혼잡도로 국고보조사업으로 국비 미매칭(공사비) 시비 편성 | - ’ | 26년 공사 추진을 위한 공사비 및 부대비 예산 편성 | - 추경예산안(비교증감) | - 12 | ,400백만원(시비) | ◈ 검토의견 | - (심사자 작성) 사업설명서 대비 요구 타당성·재원·시기 검토 후 기재"
"4","도로계획과","엄궁대교 건설 (중기주요사업)","엄궁대교 건설(401-01등)","40101","EXACT","1","투자심사조서","도로계획과","엄궁대교 건설","4","R0000216279","140","247","","· 위치(구간): 강서구 대저동 ~ 사상구 엄궁동 | · 사업규모: 도로건설 L=2.91km, B=6~8차로 | · 총사업비: 343,126백만원(공사 288,947, 보상 40,112, 기타 14,067) | ※ 재원부담: 설계비(국비), 보상비(시비), 공사비(국비 50%, 시비 50%) | · 사업기간: (계속) 2019년 ~ 2030년(12년간) | · 사업내용: 서부산권 균형개발에 따른 기존 낙동강 횡단교량 교통정체 해소 및 에코델타시티 등 서부산권 접근 도로망 적기 구축 | · 사업성과: 장낙대교~에코델타시티~엄궁대교 동시 개통을 통한 남해고속도로, 국도2호선 등 이용 시민의 생활편익 제고 | · 2019년~2030, 도로계획과","○ 요구내용(사업설명서 기반 초안) | - 혼잡도로 국고보조사업으로 국비 미매칭(공사비) 시비 편성 | - ’ | 26년 공사 추진을 위한 공사비 및 보상비 등 예산 편성 | - 추경예산안(비교증감) | - 52 | ,717백만원(시비) | ◈ 검토의견 | - (심사자 작성) 사업설명서 대비 요구 타당성·재원·시기 검토 후 기재"
"5","도로계획과","공동어시장 진입도로 확장 (중기주요사업)","공동어시장 진입도로 확장(401-01)","40101","EXACT","1","투자심사조서","도로계획과","공동어시장 진입도로 확장","4","R1004768852","119","237","","· 위치(구간) : 서구 공동어시장 앞 ~ 남부민동 대림비치아파트 | · 사업규모 : 도로확장 L=740m, B=25→35m | · 총사업비 : 79,153백만원(공사 11,449, 보상 66,172, 기타 1,532) | ※ 재원부담 : 시비 100% | · 사업기간: (계속) 2019년 ~ 2026년(8년간) | · 2019년~2026, 도로계획과","○ 요구내용(사업설명서 기반 초안) | - 26년 사업완료를 위한 미계약 토지분에 대한 매매대금 편성 | - 추경예산안(비교증감) | - 1,300 | 백만원(시비) | ◈ 검토의견 | - (심사자 작성) 사업설명서 대비 요구 타당성·재원·시기 검토 후 기재"
"6","도로계획과","대변~죽성교차로간 도로개설 (중기주요사업)","대변~죽성교차로간 도로개설(401-01)","40101","EXACT","1","투자심사조서","도로계획과","대변~죽성교차로간 도로개설","4","L0000000068","64","249","","· 위치(구간): 기장군 기장읍 대변 ~ 월전 ~ 죽성교차로 일원 | · 사업규모: 도로개설 L=6,180m, B=13.5~20m | · 총사업비: 76,400백만원(공사 43,600, 보상 28,300, 기타 4,500) | ※ 재원부담: 시비 50%, 군비 50% | · 사업기간: (계속) 2008년 ~ 2027년(20년간) | · 사업내용: 오시리아관광단지 해안관광도로와 연계한 주변 도시기반시설 확충 | · 2008년~2027, 도로계획과","○ 요구내용(사업설명서 기반 초안) | 본 도로는 오시리아 관광단지 개발과 연계한 주변 도로 시설 인프라 구축 일환 | 추진하는 사업으로 ’08년부터 시비를 투자(50%)하여 시행 중이며, 오시리아 관광단지 | 발로 인한 교통 해소가 시급하며, 물가 및 지가 상승으로 인한 사업비 증가를 방지 | 하고자 집중투자를 위한 ’26년 제3회 추경예산 필요 | - 추경예산안(비교증감) | - 2 | ,000백만원(시비) | ※ ‘26년 총사업비 변경하여 군비 별도 확보 예정 | ◈ 검토의견 | - (심사자 작성) 사업설명서 대비 요구 타당성·재원·시기 검토 후 기재"
"7","도로계획과","도로전기설비 계획 (성인지예산, 중기주요사업)","남항대교 해무대비 전기설비 개선(401-01)","40101","EXACT","1.08","투자심사조서","도로계획과","도로전기설비 계획","1","R1003986995","118","279","","· 위치(구간): 영도구 남항대교 일원 | · 사업규모: 조명시설개선 1식 | · 총사업비: 750백만원(공사 750) | ※ 재원부담 : 시비 100% | · 사업기간: (신규) 2026.10월 ~ 2027.6월 | · 사업성과: 터널 내 시선유도등 등 안전시설 보강설치로 교통사고 예방 | 도로계획과","○ 요구내용(사업설명서 기반 초안) | - 「기상청 기후통계분석」기준 부산시는 전국적으로 안개 발생 빈도가 높은 지역으로, 특히 해상교량이 설치된 해안지역은 해무로 인한 기상악화 현상이 빈번하게 발생함 | (최근 5년 부산지역 평균 안개 발생일수 : 15.6일) | - 해무 발생 시 가시거리의 급격한 저하로 운전자의 시야 확보가 어려워 차량 추돌, 충돌 및 2차 사고 발생 등 사고 위험 증가 | - 국토교통부 예규인 「도로안전시설 설치 및 관리지침」“제10편 악천후 구간, | 터널 및 장대교량 설치시설편”에 안개 등 악천후 기상현상으로 인해 도로 이용자가 | 안전한 운행을 유지하기 어려우며 사고 발생 위험이 높은 구간에 시정계, 안개 | 시선유도등, 조명시설 등 도로안전시설을 설치 할 수 있음. 도로 교통의 안전 도모로 인명피해 예방을 위해 시행되는 재난예방사업임. | - 추경예산안 | ◈ 검토의견 | - (심사자 작성) 사업설명서 대비 요구 타당성·재원·시기 검토 후 기재"
"8","도로계획과","도로전기설비 관리 (중기주요사업)","황령터널(전포방향) 노후 옥내소화전설비 교체(401-01)","40101","EXACT","1.08","투자심사조서","도로계획과","도로전기설비 관리","1","R1003987569","109","174","","· 위치(구간): 남구 황령터널(전포방향) | · 사업규모: 노후 옥내소화전 교체 1식 | · 총사업비: 1,570백만원(공사 1,570) | ※ 재원부담 : 시비 100% | · 사업기간: (신규) 2026.10월 ~ 2027.3월 | 도로계획과","○ 요구내용(사업설명서 기반 초안) | - 옥내소화전설비 소화용수배관의 심각한 부식 및 지속적인 누수 발생으로 화재 대응력이 심각하게 저하되어 노후 배관 등 관련 설비 전면 교체 필요 | - 「재난 및 안전관리 기본법」제29조(재난방지시설의 관리) 및 같은법 시행령 제37조(재난방지시설의 범위)에 의거 터널은 재난방지시설이며, 「자연재해대책법」시행령 제55조에 의한 방재시설임 | - 국토교통부 예규인「도로터널 방재․환기 시설 설치 및 관리지침」에도 옥내소화전설비는 법정 방재시설로 분류되어 있어, 터널 내 각종 사고에 대비한 방재설비 보수는 인명·재산 피해를 막기 위한 필수 재난예방사업임. | - 추경예산안 | - 1,570 | 백만원(시비) | ◈ 검토의견 | - (심사자 작성) 사업설명서 대비 요구 타당성·재원·시기 검토 후 기재"
"9","도로계획과","도로전기설비 관리 (중기주요사업)","도로터널(4개소) 시선유도등 외 안전시설 설치(401-01)","40101","EXACT","1.08","투자심사조서","도로계획과","도로전기설비 관리","1","R1003987569","109","174","","· 위치(구간): 곰내, 개좌, 방곡, 두명터널 일원 | · 사업규모: 시선유도등 및 안전시설 설치 1식 | · 총사업비: 580백만원(공사 580) | ※ 재원부담 : 시비 100% | · 사업기간: (신규) 2026.10월 ~ 2027.6월 | · 사업성과: 터널 내 시선유도등 등 안전시설 보강설치로 교통사고 예방 | 도로계획과","○ 요구내용(사업설명서 기반 초안) | 교통사고가 잦은 곰내터널 등 도로안전시설이 미흡한 터널(4개소)에 | 시선유도등, | 거리표시유도등을 설치하여 도로안전기능 강화 | 국토교통부 예규인 「도로안전시설 설치 및 관리지침」“제10편 악천후 구간, 터널 및 | 장대교량 설치 시설편”에 터널 전·후방 및 터널 내부의 구조·교통상황 등을 종합적으로 | 검토하여 안전하고 원활한 교통을 확보할 수 있도록 시선유도등, 거리표시유도등 등 도로안전시설을 설치함으로써, 터널 내 교통 안전 도모로 인명피해 예방 | - 추경예산안 | - 580 | ◈ 검토의견 | - (심사자 작성) 사업설명서 대비 요구 타당성·재원·시기 검토 후 기재"
"10","도로계획과","수영부두 노후 접안시설 보수보강공사 (중기주요사업)","수영부두 노후 접안시설 보수보강공사(401-01)","40101","LIKELY","0.8","투자심사조서","도로계획과","수영부두 공유수면 보수보강공사","4","R1004768916","73","258","별칭/재매칭","· 위치(구간) : 부산광역시 해운대구 동백로88(우동) (동백공원 내 수영부두) | · 사업규모 : 노후 접안시설 보수보강(A=1,300㎡) 등 | · 총사업비 : 800백만원(공사 760, 기타 40) | ※ 재원부담 : 시비 100% | · 사업기간: (신규) 2026년 ~ 2027년 | · 사업내용 : 장기간 방치 된 노후 접안시설(부두) 보수보강 공사 | · 사업성과 : 광안대교 건설공사 적출장으로 사용되고 장기간 방치된 노후 접안시설(부두) 보수·보강으로 재해예방 및 시민안전 확보 | · 2026년~2027, 도로계획과","○ 요구내용(사업설명서 기반 초안) | 정밀안전점검 “D”등급 노후 장기 방치된 시설물의 보수보강공사를 위한 예산편성 | - 추경예산안(비교증감) | - 800 | 백만원(시비) | ◈ 검토의견 | - (심사자 작성) 사업설명서 대비 요구 타당성·재원·시기 검토 후 기재"
"11","도로계획과","만덕~센텀 도시고속화도로 건설 (중기주요사업)","만덕~센텀 도시고속화도로 건설(401-01)","40101","EXACT","1","투자심사조서","도로계획과","만덕~센텀 도시고속화도로 건설","1","R1003984528","115","239","","· 위치(구간): 북구 만덕동(만덕대로) ~ 해운대구 재송동(수영강변대로) | · 사업규모: L=9,620m, B=4차로(왕복) | · 총사업비: 793,869백만원(공사 657,731, 보상 21,454, 기타 114,684) | ※ 재원부담: 국비 11.3%, 시비 14.6%, 민자 74.1% | · 사업기간: (계속) 2019년 ~ 2026년(8년간) | · 사업내용: 동·서부산권을 연결하는 내부순환도로망 구축 | · 2019년~2026, 도로계획과","○ 요구내용(사업설명서 기반 초안) | - 총사업비 증가에 따른 건설보조금 지원 | - 추경예산안(비교증감) | - 8,273 | 백만원(시비) | ◈ 검토의견 | - (심사자 작성) 사업설명서 대비 요구 타당성·재원·시기 검토 후 기재"
"12","도로계획과","승학터널 민간투자사업 (중기주요사업)","승학터널 민간투자사업(401-01등)","40101","EXACT","1","투자심사조서","도로계획과","승학터널 민간투자사업","4","R1003984478","114","220","","· 위치(구간): 사상구 엄궁동(엄궁대교) ~ 중구 중앙동(충장대로) | · 사업규모: 도로개설 L=7.69km, B=4차로 | · 총사업비: 622,459백만원(공사 482,170, 보상 43,767, 기타 96,522) | ※ 재원부담: 국비 11.2%, 시비 20.5%, 민자 68.3% | · 사업기간: (계속) 2016년 ~ 2030년(15년간) | · 사업내용: 서부산권과 원도심을 직접 연결하는 간선도로망(동서3축) 구축 | · 2016년~2030, 도로계획과","○ 요구내용(사업설명서 기반 초안) | 시ߴ종점부 동시 시공 및 공사 적기 추진을 위한 엄궁동 지상부 우선 보상비 반영 | - 추경예산안 | - 15, | 000백만원(시비) | ◈ 검토의견 | - (심사자 작성) 사업설명서 대비 요구 타당성·재원·시기 검토 후 기재"
"13","도로안전과","주요 간선도로 정비 (중기주요사업)","시내 일원 광역시도 정비(401-01)","40101","EXACT","1.08","투자심사조서","도로안전과","주요 간선도로 정비","1","R1003974078","65","270","","· 위치(구간): 시역 내 광역시도 | · 사업규모: 광역시도 140개 노선 L=877㎞ 정비 | · 총사업비: 41,380백만원(공사 41,380) | ※ 재원부담 : 시비 100% | · 사업기간 : (계속) 2012년 이후 ~ | · 사업내용 : 광역시도 관리업무가 구․군에 위임되어 있어 재정여건상 즉시 보수곤란으로 광역시도에 대한 신속한 정비를 위한 사업비 확보 | 도로안전과","○ 요구내용(사업설명서 기반 초안) | - 구․군에 관리 위임된 광역시도 중 잦은 호우 등 기상이변으로 인한 | 도로파손 등 정비물량 증가와 하반기 태풍, 호우 피해 복구예산 등 | 도로정비 예산 부족에 따른 편성 | 도로유지관리 사업비를 확보하여 도로 파손 시 즉시 보수 시행함으로써 도로기능 | 최적화로 시민불편해소 및 교통편익 제공 | - 편성내용 | - 추경예산안 : 2,000백만원(시비) | ◈ 검토의견 | - (심사자 작성) 사업설명서 대비 요구 타당성·재원·시기 검토 후 기재"
"14","도로안전과","기타 반환","웅동․지사터널 관리위탁운영 분담금 집행잔액(802-03)","80203","UNMATCHED","0","경상심사조서","","","","","0","0","","· 사업기간 : (계속) 2018년 ~ | · 사업내용 | 도로안전과","○ 추진상황 | - ’26.10. 분담금 잔액 반환(창원시, 김해시) | ◈ 검토의견 | - (심사자 작성) 사업설명서 대비 요구 타당성·재원·시기 검토 후 기재"
"15","토지정보과","부산 디지털 트윈 시범구역 조성(국가직접지원) (중기주요사업)","부산 디지털 트윈 시범구역 조성사업(403-02)","40302","EXACT","0.92","투자심사조서","토지정보과","부산 디지털 트윈 시범구역 조성(국가직접지원)","1","R1002659244","117","225","","· 위치(구간) : 부산광역시 전 지역(770㎢) | · 사업규모 : 부산 통합 플랫폼 구축, 건물 및 DEM 3차원 데이터 구축, | · 총사업비 : 12,143백만원 | ※ 재원부담 : [26년] 국비(국가직접) 950백만원 / 시비 190백만원 / 민간(기타) 249백만원 | · 사업기간 : (계속) 2024년 ~ 2026년(3년간) | · 사업내용: 도시 데이터 기반 통합플랫폼 구축 및 관련 서비스 개발·집약 | · 사업성과: 데이터 융․복합 시뮬레이션을 통한 도시계획 및 운영, 미래 최적 대안 마련 등으로 도시 문제 및 현안 해결 지원 | · 2024년~2026, 토지정보과","○ 요구내용(사업설명서 기반 초안) | - 국비 감액에 따른 지방비 감액 | ※ 총사업비 변경: 940백만원 → 190백만원[시비] (△750백만원) | * 변경사유: | 국비 감액(4,700백만원 → 950백만원, △3,750백만원)에 따른 지방 | 매칭비 감액 | - 추경예산안(비교증감) | 추경예산안: △750백만원(시비) | 국가직접지원 △3,750백만원, 기타 △871백만원 별도 | ◈ 검토의견 | - (심사자 작성) 사업설명서 대비 요구 타당성·재원·시기 검토 후 기재"
"16","건설안전시험사업소","도로시설물(교량 등) 보수보강 (중기주요사업)","대동화명대교 계측시스템 재구축(401-01)","40101","EXACT","1.08","투자심사조서","건설안전시험사업소","도로시설물(교량 등) 보수보강","1","R1003950344","115","182","","· 위치(구간): 부산광역시 북구 화명동 일원 | · 사업규모: 지진 및 일반계측시스템 재구축 1식 | · 총사업비: 1,000백만원(공사 1,000) | ※ 재원부담: 시비 100% | · 사업기간: (신규) 2026년~2027년 | · 사업내용: 내구연한 초과한 노후 계측시스템 재구축 | · 2026년~2027, 건설안전시험사업소","○ 요구내용(사업설명서 기반 초안) | - 내구연한 초과한 노후 계측시스템 재구축하여 정확도 및 안정성 제고 | - 추경예산안(비교증감) | - 1,000 | 백만원(시비) | ◈ 검토의견 | - (심사자 작성) 사업설명서 대비 요구 타당성·재원·시기 검토 후 기재"
"17","건설안전시험사업소","도로시설물(교량 등) 보수보강 (중기주요사업)","감전유수지지류 복개구조물 보수공사(401-01)","40101","EXACT","1.08","투자심사조서","건설안전시험사업소","도로시설물(교량 등) 보수보강","1","R1003950344","115","182","","· 위치(구간): 부산광역시 사상구 괘법동 572-1 일원 | · 사업규모: 표면처리(탄산화방지) A=170㎡ 등 | · 총사업비: 70백만원(공사 70) | ※ 재원부담: 시비 100% | · 사업기간: (신규) 2026년 | · 사업내용: ‘25년 정밀안전점검 결과에 따른 시설물 보수・보강 | · 사업성과: 구조물의 안전성 제고 | 건설안전시험사업소","○ 요구내용(사업설명서 기반 초안) | ‘25년 정밀안전점검 결과에 따른 시설물 보수・보강으로 구조물의 안전성 제고 필요 | - 추경예산안(비교증감) | - 70 | 백만원(시비) | ◈ 검토의견 | - (심사자 작성) 사업설명서 대비 요구 타당성·재원·시기 검토 후 기재"
"18","건설안전시험사업소","도로시설물(교량 등) 보수보강 (중기주요사업)","구포대교 보수공사(401-01)","40101","EXACT","1.08","투자심사조서","건설안전시험사업소","도로시설물(교량 등) 보수보강","1","R1003950344","115","182","","· 위치(구간): 강서구 대저동~북구 구포동 일원 | · 사업규모: 교면포장 A=468a | · 총사업비: 4,400백만원(공사 4,400) | ※ 재원부담: 시비 100% | · 사업기간: (계속) 2023년 ~ 2027년(5년간) | · 사업내용: ‘ | · 사업성과: 차량통행 안전도모 및 시설물의 기능유지, 안전성 확보 | · 2023년~2027, 건설안전시험사업소","○ 요구내용(사업설명서 기반 초안) | - 상반기 중동상황 관련 아스콘 수급 불안전에 따른 자재비 상승분 반영 | - 추경예산안(증 400백만원) | - 400 | 백만원(시비) | ◈ 검토의견 | - (심사자 작성) 사업설명서 대비 요구 타당성·재원·시기 검토 후 기재"
"19","건설안전시험사업소","도로시설물(교량 등) 보수보강 (중기주요사업)","부산대교 보수공사(401-01)","40101","EXACT","1.08","투자심사조서","건설안전시험사업소","도로시설물(교량 등) 보수보강","1","R1003950344","115","182","","· 위치(구간): 부산광역시 해운대구 중구 중앙동7가 83 일원 | · 사업규모: 표면처리(탄산화방지) A=1,660㎡ | · 총사업비: 200백만원(공사 200) | ※ 재원부담: 시비 100% | · 사업기간: (신규) 2026년 | · 사업내용: ‘25년 정밀안전점검 결과에 따른 시설물 보수・보강 | · 사업성과: 구조물의 안전성 제고 | 건설안전시험사업소","○ 요구내용(사업설명서 기반 초안) | ‘25년 정밀안전점검 에 따른 시설물 보수・보강으로 구조물의 안전성 제고 필요 | - 추경예산안(비교증감) | - 200 | 백만원(시비) | ◈ 검토의견 | - (심사자 작성) 사업설명서 대비 요구 타당성·재원·시기 검토 후 기재"
"20","건설안전시험사업소","도로시설물(교량 등) 보수보강 (중기주요사업)","호계천1복개구조물 보수공사(401-01)","40101","EXACT","1.08","투자심사조서","건설안전시험사업소","도로시설물(교량 등) 보수보강","1","R1003950344","115","182","","· 위치(구간): 부산광역시 동구 범일동 62-712 일원 | · 사업규모: 표면처리(탄산화방지) A=1,130㎡ | · 총사업비: 90백만원(공사 90) | ※ 재원부담: 시비 100% | · 사업기간: (신규) 2026년 | · 사업내용: ‘25년 정밀안전점검 결과에 따른 시설물 보수・보강 | · 사업성과: 구조물의 안전성 제고 | 건설안전시험사업소","○ 요구내용(사업설명서 기반 초안) | ‘25년 정밀안전점검 결과에 따른 시설물 보수・보강으로 구조물의 안전성 제고 필요 | - 추경예산안(비교증감) | - 90 | 백만원(시비) | ◈ 검토의견 | - (심사자 작성) 사업설명서 대비 요구 타당성·재원·시기 검토 후 기재"
"21","건설안전시험사업소","도로시설물(교량 등) 보수보강 (중기주요사업)","반여고가교 보수공사(401-01)","40101","EXACT","1.08","투자심사조서","건설안전시험사업소","도로시설물(교량 등) 보수보강","1","R1003950344","115","182","","· 위치(구간): 부산광역시 해운대구 재송동 1291 일원 | · 사업규모: 교량시설물 정비 1식 | · 총사업비: 150백만원(공사 150) | ※ 재원부담: 시비 100% | · 사업기간: (신규) 2026년 | · 사업내용: ‘25년 정밀안전진단 결과에 따른 시설물 보수・보강 | · 사업성과: 구조물의 안전성 제고 | 건설안전시험사업소","○ 요구내용(사업설명서 기반 초안) | ‘25년 정밀안전진단 결과에 따른 시설물 보수・보강으로 구조물의 안전성 제고 필요 | - 추경예산안(비교증감) | - 150 | 백만원(시비) | ◈ 검토의견 | - (심사자 작성) 사업설명서 대비 요구 타당성·재원·시기 검토 후 기재"
"22","건설안전시험사업소","도로시설물(교량 등) 보수보강 (중기주요사업)","우암고가교 보수공사(401-01)","40101","EXACT","1.08","투자심사조서","건설안전시험사업소","도로시설물(교량 등) 보수보강","1","R1003950344","115","182","","· 위치(구간): 부산광역시 남구 우암동 265-2 일원 | · 사업규모: 교량시설물 정비 1식 | · 총사업비: 110백만원(공사 110) | ※ 재원부담: 시비 100% | · 사업기간: (신규) 2026년 | · 사업내용: ‘26년 정밀안전점검 결과에 따른 시설물 보수・보강 | · 사업성과: 구조물의 안전성 제고 | 건설안전시험사업소","○ 요구내용(사업설명서 기반 초안) | ※주요 증감사유 위주 기재) | ‘26년 정밀안전점검 결과에 따른 시설물 보수・보강으로 구조물의 안전성 제고 필요 | - 추경예산안(비교증감) | - 110 | 백만원(시비) | ◈ 검토의견 | - (심사자 작성) 사업설명서 대비 요구 타당성·재원·시기 검토 후 기재"
"23","건설안전시험사업소","도로시설물(교량 등) 보수보강 (중기주요사업)","우동고가교 보수공사(401-01)","40101","EXACT","1.08","투자심사조서","건설안전시험사업소","도로시설물(교량 등) 보수보강","1","R1003950344","115","182","","· 위치(구간): 부산광역시 해운대구 우동 1102-140 일원 | · 사업규모: 표면처리(탄산화방지) A=1,375㎡, 신축이음 보수 L=200m, | · 총사업비: 500백만원(공사 500) | ※ 재원부담: 시비 100% | · 사업기간: (신규) 2026년 | · 사업내용: ‘26년 정밀안전진단 결과에 따른 시설물 보수・보강 | · 사업성과: 구조물의 안전성 제고 | 건설안전시험사업소","○ 요구내용(사업설명서 기반 초안) | ‘26년 정밀안전진단 결과에 따른 시설물 보수・보강으로 구조물의 안전성 제고 필요 | - 추경예산안(비교증감) | - 500 | 백만원(시비) | ◈ 검토의견 | - (심사자 작성) 사업설명서 대비 요구 타당성·재원·시기 검토 후 기재"
"24","건설안전시험사업소","도로시설물(교량 등) 보수보강 (중기주요사업)","부두순환교 보수공사(401-01)","40101","EXACT","1.08","투자심사조서","건설안전시험사업소","도로시설물(교량 등) 보수보강","1","R1003950344","115","182","","· 위치(구간): 부산광역시 동구 범일동 1202-1 | · 사업내용: ‘26년 정밀안전점검 결과에 따른 시설물 보수・보강 | · 사업성과: 구조물의 안전성 제고 | 건설안전시험사업소","○ 요구내용(사업설명서 기반 초안) | ‘26년 정밀안전점검 결과에 따른 시설물 보수・보강으로 구조물의 안전성 제고 필요 | - 추경예산안(비교증감) | - 300 | 백만원(시비) | ◈ 검토의견 | - (심사자 작성) 사업설명서 대비 요구 타당성·재원·시기 검토 후 기재"
"25","건설안전시험사업소","도로시설물(교량 등) 보수보강 (중기주요사업)","충장고가교 보수공사(401-01)","40101","EXACT","1.08","투자심사조서","건설안전시험사업소","도로시설물(교량 등) 보수보강","1","R1003950344","115","182","","· 위치(구간): 부산광역시 동구 좌천동 1166-10 | · 사업내용: ‘26년 정밀안전점검 결과에 따른 시설물 보수・보강 | · 사업성과: 구조물의 안전성 제고 | 건설안전시험사업소","○ 요구내용(사업설명서 기반 초안) | ‘26년 정밀안전점검 결과에 따른 시설물 보수・보강으로 구조물의 안전성 제고 필요 | - 추경예산안(비교증감) | - 180 | 백만원(시비) | ◈ 검토의견 | - (심사자 작성) 사업설명서 대비 요구 타당성·재원·시기 검토 후 기재"
"26","건설안전시험사업소","도로시설물(교량 등) 보수보강 (중기주요사업)","우암고가차도접속교 하행선 보수공사(401-01)","40101","EXACT","1.08","투자심사조서","건설안전시험사업소","도로시설물(교량 등) 보수보강","1","R1003950344","115","182","","· 위치(구간): 부산광역시 남구 우암동 243 일원 | · 사업규모: 교량시설물 정비 1식 | · 총사업비: 130백만원(공사 130) | ※ 재원부담: 시비 100% | · 사업기간: (신규) 2026년 | · 사업내용: ‘25년 정밀안전진단 결과에 따른 시설물 보수・보강 | · 사업성과: 구조물의 안전성 제고 | 건설안전시험사업소","○ 요구내용(사업설명서 기반 초안) | ‘25년 정밀안전진단 결과에 따른 시설물 보수・보강으로 구조물의 안전성 제고 필요 | - 추경예산안(비교증감) | - 130 | 백만원(시비) | ◈ 검토의견 | - (심사자 작성) 사업설명서 대비 요구 타당성·재원·시기 검토 후 기재"
"27","건설안전시험사업소","도로시설물(교량 등) 보수보강 (중기주요사업)","좌수영교 보수공사(401-01)","40101","EXACT","1.08","투자심사조서","건설안전시험사업소","도로시설물(교량 등) 보수보강","1","R1003950344","115","182","","· 위치(구간): 부산광역시 수영구 망미동 185-3 일원 | · 사업규모: 교량시설물 정비 1식 | · 총사업비: 150백만원(공사 150) | ※ 재원부담: 시비 100% | · 사업기간: (신규) 2026년 | · 사업내용: ‘24년 정밀안전진단 결과에 따른 시설물 보수・보강 | · 사업성과: 구조물의 안전성 제고 | 건설안전시험사업소","○ 요구내용(사업설명서 기반 초안) | ‘24년 정밀안전진단 결과에 따른 시설물 보수・보강으로 구조물의 안전성 제고 필요 | - 추경예산안(비교증감) | - 150 | 백만원(시비) | ◈ 검토의견 | - (심사자 작성) 사업설명서 대비 요구 타당성·재원·시기 검토 후 기재"
"28","건설안전시험사업소","시내일원 포장도로 정비 (중기주요사업)","시내일원 포장도로 정비(401-01/401-03)","40101","EXACT","1","투자심사조서","건설안전시험사업소","시내일원 포장도로 정비","1","L0000000081","100","194","","· 위치(구간): 포장도로 폭25m이상, 연장 764㎞ | · 총사업비: 25,000 | ※ 재원부담: 시비 100% | · 사업기간: (계속) 2026년 | · 사업성과: 우리시 노후·파손도로 적기 보수로 차량 및 보행안전사고로부터 | 건설안전시험사업소","○ 요구내용(사업설명서 기반 초안) | - ‘26.초 중동전쟁으로 아스팔트 포장 재료(아스콘)비 인상(약42%) | 공사비가 증액되어 추경예산 필요 | ※아스팔트 재료비 인상 : (당초 ’26.1.) 98,960원/톤 → (변경 ‘26.4.) 140,480원/톤 | - 편성내용 | - 예산안 : 2,000 | 백만원(시비) | ◈ 검토의견 | - (심사자 작성) 사업설명서 대비 요구 타당성·재원·시기 검토 후 기재"
"29","건설안전시험사업소","폐아스콘활용 순환아스콘 공급 (중기주요사업)","폐아스콘활용 순환아스콘 공급(401-01)","40101","EXACT","1","투자심사조서","건설안전시험사업소","폐아스콘활용 순환아스콘 공급","1","R0000192475","108","216","","· 사업기간 : (계속) 2026년 | · 시행주체 : 부산광역시 | · 추경예산안 : 300,000천원(시비) | · 사업내용 | 건설안전시험사업소","○ 추진상황 | - ’26. 6.~12. 아스팔트(AP-3) 구입 및 순환아스콘 공급(26,500톤) | ○ 요구내용(사업설명서 기반 초안) | - 추경예산안 : 300,000천원(시비) | ◈ 검토의견 | - (심사자 작성) 사업설명서 대비 요구 타당성·재원·시기 검토 후 기재"
"30","도시공간전략과","도시건축디자인 계획 수립 용역","도시건축디자인 계획 수립 용역(207-01)","20701","UNMATCHED","0","경상심사조서","","","","","0","0","","· 사업기간 : (계속) 2025년 ~ 2027년 | · 시행주체 : 부산광역시 | · 추경예산안(비교증감) | ※ 재원부담 : 국비 50%, 시비 50% | · 사업내용 | · 2025년~2027, 도시공간전략과","○ 추진상황 | - ’25. 12. (국비)‘25년 4차 추경 예산 편성 / (시비) ’26년 본예산 편성 | - ’26. 1. ~ 2. 협상에 의한계약 적정성 검토, 사전규격 공개 | - ’26. 3. ~ 6. 제안서 평가 및 협상 완료, 용역 계약 및 착수 | - ’27. 6. 용역 완료 | ○ 요구내용(사업설명서 기반 초안) | - 추경예산안(비교증감) | ◈ 검토의견 | - (심사자 작성) 사업설명서 대비 요구 타당성·재원·시기 검토 후 기재"
"31","도시공간전략과","부산도시발전계획 추진","부산 도시공간 위크(201-03)","20103","UNMATCHED","0","경상심사조서","","","1","","0","0","부서불일치로 매칭 취소","· 사업기간 : (신규) 2026년 | · 시행주체 : 부산광역시 | · 추경예산안 : 50,000천원(시비) | · 사업내용 | 도시공간전략과","○ 추진상황 | - ’26. 6. 도시계획단체 Kick-off 회의 개최 | - ’26. 7. 도시계획단체 2차 회의 개최 | - ’26.8.~11. : 행사계획 수립 및 개최 | ○ 요구내용(사업설명서 기반 초안) | - 추경예산안 : 50,000천원(시비) | ◈ 검토의견 | - (심사자 작성) 사업설명서 대비 요구 타당성·재원·시기 검토 후 기재"
"32","15분도시과","15분 도시 부산 조성 (성인지예산, 중기주요사업)","신평장림생활권 보행안심길 조성사업(401-01)","40101","EXACT","1.08","투자심사조서","15분도시과","15분 도시 부산 조성","4","L0000000021","136","266","","· 위치(구간) : 사하구 다대로, 신평초등학교 일원 등 | · 사업규모 : 보행안심길 조성 및 안전시설 확충 등 | · 총사업비: 2,800백만원(공사 2,700, 설계비 100) | ※ 재원부담: 시비 100% | · 사업기간: (계속) 2025년 ~ 2026년(2년간) | · 사업내용 : 보행안심길 조성 및 안전시설 확충 등 | · 2025년~2026, 15분도시과","○ 요구내용(사업설명서 기반 초안) | - 『15분 도시 부산』을 위한 제2차 해피챌린지 조성사업 시행을 위한 공사비 예산 편성 | - 편성내용 | - 금회 신청예산(안) : 1,820 | 백만원(공사비, 시비 1,820) | ◈ 검토의견 | - (심사자 작성) 사업설명서 대비 요구 타당성·재원·시기 검토 후 기재"
"33","15분도시과","15분 도시 부산 조성 (성인지예산, 중기주요사업)","신평장림 주민휴게쉼터 조성사업(401-01)","40101","EXACT","1.08","투자심사조서","15분도시과","15분 도시 부산 조성","4","L0000000021","136","266","","· 위치(구간): 장림여중 인근 유휴지 일원 | · 사업규모: 휴게쉼터 조성 A = 2,140㎡ | · 총사업비: 1,500백만원(공사 1,400, 설계비 100) | ※ 재원부담: 전액시비 | · 사업기간: (계속) 2025년 ~ 2026년(2년간) | · 사업내용: 신평장림권 유휴부지를 활용해 주민 휴게쉼터 조성 | · 사업성과: 장림여중 옆 유휴부지와 | · 2025년~2026, 15분도시과","○ 요구내용(사업설명서 기반 초안) | -『15분 도시 부산』을 위한 제2차 해피챌린지 조성사업 시행을 위한 공사비 예산 편성 | - 편성내용 | - 금회 신청예산(안) : 1,400 | 백만원(공사비, 시비 1,400) [증 1,400] | ◈ 검토의견 | - (심사자 작성) 사업설명서 대비 요구 타당성·재원·시기 검토 후 기재"
"34","15분도시과","15분 도시 부산 조성 (성인지예산, 중기주요사업)","대천공원 재정비사업(403-01)","40301","EXACT","1.08","투자심사조서","15분도시과","15분 도시 부산 조성","4","R1001281339","124","304","","· 위치(구간): 해운대구 좌동 1390번지 일원 | · 사업규모: A=103,418㎡ | · 총사업비: 5,000백만원(공사 4,800, 설계 200) | ※ 재원부담: 국비 40%, 시비 30%, 구․군비 30% | · 사업기간: (마무리) 2024년 ~ 2026년(3년간) | · 2024년~2026, 15분도시과","○ 요구내용(사업설명서 기반 초안) | 15분도시 비전투어 시즌2 정책사업으로 추진중인 대천공원 재정비사업 시행을 위한 공사비 예산편성 | - 편성내용 | - 금회 신청예산(안) : 700백만원(공사비, 시비) [증 700] | ◈ 검토의견 | - (심사자 작성) 사업설명서 대비 요구 타당성·재원·시기 검토 후 기재"
"35","생활공간혁신과","설계공모 운영지원 (성인지예산, 중기주요사업)","설계공모 운영위원회 운영(201-01)","20101","LIKELY","0.8","경상심사조서","건축정책과","설계공모 운영지원","1","R0000240193","126","196","조직개편: 생활공간혁신과→건축정책과","· 사업기간 : (계속) 2026년 | · 시행주체: 부산광역시 | · 추경예산안: 13.000천원 (시비 13.000) | · 사업내용 | 생활공간혁신과","○ 추진상황 | - ’19. 8. ~ ‘20. 2. 설계공모 시범사업 추진 | - ’20. 3. ~ ‘25. 12. 2020~2025년도 공공건축 설계공모 운영위원회 운영 | - ’26. 1. ~ 12. 2026년도 공공건축 설계공모 운영위원회 운영 | ○ 요구내용(사업설명서 기반 초안) | - 추경예산안: 13.000천원 (시비 13.000) | ◈ 검토의견 | - (심사자 작성) 사업설명서 대비 요구 타당성·재원·시기 검토 후 기재"
"36","생활공간혁신과","설계공모 운영지원 (성인지예산, 중기주요사업)","설계공모 심사위원회 운영(201-01)","20101","LIKELY","0.8","경상심사조서","건축정책과","설계공모 운영지원","1","R0000240193","126","196","조직개편: 생활공간혁신과→건축정책과","· 사업기간 : (계속) 2026년 | · 시행주체: 부산광역시 | · 추경예산안: 19,000천원 (시비 19,000) | · 사업내용 | 생활공간혁신과","○ 추진상황 | - ’19. 8. ~ ‘20. 2. 설계공모 시범사업 추진 | - ’20. 3. ~ ‘25. 12. 2020~2025년도 공공건축 설계공모 심사위원회 운영 | - ’26. 1. ~ 12. 2026년도 공공건축 설계공모 심사위원회 운영 | ○ 요구내용(사업설명서 기반 초안) | - 추경예산안: 19,000천원 (시비 19,000) | ◈ 검토의견 | - (심사자 작성) 사업설명서 대비 요구 타당성·재원·시기 검토 후 기재"
"37","미래혁신기획과","사상재생사업지구 경쟁력강화사업(주차장) (중기주요사업)","사상재생산단 주차장 조성사업(401-01등)","40101","EXACT","1","투자심사조서","미래혁신기획과","사상재생사업지구 경쟁력강화사업(주차장, 공원)","1","R1003948694","142","385","","· 위치(구간): 부산광역시 사상구 학장동 230-17번지 일원 | · 사업규모: 주차장(지하1층)·공원(지상) 조성 1개소 (A=9,839㎡) | · 총사업비: 56,989백만원 | ※ 재원부담: 국비 50%, 시비 50% | · 사업기간: (계속) 2023년 ~ 2027년(5년간) | · 사업내용: 주차장·공원 조성을 통한 교통편의 증대 및 휴식·정서함양 공간제공 | · 2023년~2027, 미래혁신기획과","○ 요구내용(사업설명서 기반 초안) | - ’26년 하반기 보상완료 예정으로 보상완료에 따른 건축물 철거 등 공사비 편성 필요. | - 추경예산안(비교증감) | - 증 3 | ,675백만원(국비 2,375, 시비 1,300) | ◈ 검토의견 | - (심사자 작성) 사업설명서 대비 요구 타당성·재원·시기 검토 후 기재"
"38","철도시설과","부산 사상-하단 도시철도 건설(도시철도사업특별회계) (중기주요사업)","도시철도 사상~하단간 건설(502-01)","50201","EXACT","0.85","투자심사조서","철도시설과","도시철도 사상~하단선 건설","4","R1004769167","98","232","별칭/재매칭","· 위치(구간) : 사상구 사상역(2호선) ~ 사하구 하단역(1호선) | · 사업규모 : 경량전철(K-AGT) L=6.9Km, 정거장 7개소, 차량기지 1개소 | · 총사업비 : 846,682백만원(공사 751,885, 보상 35,801, 기타 58,996) | ※ 재원부담 : 국비 60%, 시비 40% | · 사업기간 : (계속) 2010년 ~ 2028년 | · 사업내용 : 도시철도 건설로 사상구, 사하구 지역의 대중교통망 확충 | · 2010년~2028, 철도시설과","○ 요구내용(사업설명서 기반 초안) | - ’ | 26년도 국비(30,000백만원)에 따른 미매칭 시비 (5,000백만원) 반영 필요 | ※ 국토교통부 등 중앙부처 요청사항(미매칭 시비 반영 요청) | - 추경예산안(비교증감) | - 증 5,000백만원(시비) | ◈ 검토의견 | - (심사자 작성) 사업설명서 대비 요구 타당성·재원·시기 검토 후 기재"
"39","철도시설과","도시철도 하단~녹산선 건설 (중기주요사업)","도시철도 하단~녹산선 건설(401-01, 502-01)","40101","EXACT","1","투자심사조서","철도시설과","도시철도 하단~녹산선 건설","4","R1004769221","125","313","","· 위치(구간) : 사하구 하단역(1호선) ~ 강서구 녹산동(녹산국가산업단지) | · 사업규모 : L = 13.47Km, 정거장 11개소, 차량기지 1개소 | · 총사업비 : 1,484,502백만원(공사 1,352,850, 보상 10,441, 기타 121,211) | ※ 재원부담 : 국비 60%, 시비 40%, LH 161,100백만원 | · 사업기간 : (계속) 2022년 ~ 2032년 | · 사업내용 : 서부산권 대규모 개발사업 가속화에 따른 인구집중 및 장래 교통수요 증가에 대비한 도시철도 인프라 확충 | · 사업성과 : 도시철도 소외지역 서비스 확대 제공으로 지역균형 발전 및 지역 개발촉진에 기여 | · 2022년~2032, 철도시설과","○ 요구내용(사업설명서 기반 초안) | ‘26년도 국비(37,000백만원)에 따른 시비 미매칭 금액(19,700백만원) 중 | 설계비(11,165백만원) 반영 | - 기본 및 실시설계용역 2차분(부산시) 계약 및 기타 용역(부산교통공사) 발주 | ▹ 기본 및 실시설계용역 1차분 준공 예정일 : ’26. 11. 24. | - 추경예산안(비교증감) | - 11,165 | 백만원(시비 11,165) | ◈ 검토의견 | - (심사자 작성) 사업설명서 대비 요구 타당성·재원·시기 검토 후 기재"
"40","철도시설과","도시철도 시설 효율화 추진(도시철도사업특별회계)","북부산 노포역 일원 종합개발 마스터플랜 수립용역(401-01)","40101","EXACT","1.08","투자심사조서","철도시설과","도시철도 시설 효율화 추진","1","R1003961427","100","246","","철도시설과","○ 요구내용(사업설명서 기반 초안) | 북부산 노포역 일원은 도시철도, 고속철도, 광역철도, 고속도로 등이 교차하는 | 대중교통결절지로서 부울경초광역권의 핵심거점으로 성장할 수 있는 개발잠재력이 | 상당히 높은 지역이나 현재는 상수원보호구역 및 개발제한구역 등의 토지이용 규제로 인하여 낙후되어 있는 실정임. | 도시철도 차량기지 재배치, 고속철도 노포역 신설 등과 연계하여 북부산 노포역 | 일원을 부울경 초광역권의 핵심거점으로 성장·발전시키기 위한 목적으로「북부산 | 노포역 일원 종합개발 마스터플랜 수립 용역」을 추진하기 위해 총 21억 원의 | 용역비 중 ‘26년 제3회 추경에 1억 원의 용역비를 편성하여야 함 | - 편성내용 | ◈ 검토의견 | - (심사자 작성) 사업설명서 대비 요구 타당성·재원·시기 검토 후 기재"
"41","철도시설과","경부선 철도시설 효율화","경부선 철도지하화 통합개발 기본계획수립 용역 등(401-01)","40101","EXACT","1.08","투자심사조서","철도시설과","경부선 철도시설 효율화","1","R1002651016","132","293","","· 위치(구간): 경부선 구포~가야차량기지, 부산진역~부산역 일원 | · 사업규모: 기본계획수립용역, 전략환경영향평가 등 1식 | · 총사업비: 3,000백만원(시비) | · 사업기간: (계속) 2025년 ~ 2027년(3년간) | · 사업내용: 경부선 철도 지하화 사업을 위한「철도지하화통합개발법」제6조에 따른 기본계획수립 용역 등 | · 2025년~2027, 철도시설과","○ 요구내용(사업설명서 기반 초안) | - 경부선 도심구간 철도시설 지하화를 통해 도심 단절 해소와 혁신공간 조성을 | 추진하여 시민 삶의 질 향상 및 지역경제 활성화를 도모하기 위한 ‘경부선(부산진역~부산역) 철도 | 지하화 기본계획 수립용역’ 등 관련 용역 추진 | - 「철도지하화 통합개발법」 제6조에 따른 기본계획 수립 용역(2차수) 및 각종 | 제영향평가 | 용역 수행에 필요한 총 용역비 30억 원 중, | ’26년 3회 추경에 10억 원 | 편성 필요 | ◈ 검토의견 | - (심사자 작성) 사업설명서 대비 요구 타당성·재원·시기 검토 후 기재"
"42","도시인프라개발과","다대포 블루코스트 해양단지 조성 (성인지예산, 중기주요사업)","복합해양레저관광도시 공모(201-01)","20101","UNMATCHED","0","경상심사조서","","","","","0","0","","· 사업기간 : (신규) 2026. 9월 ~ 2027. 6월 | · 시행주체 : 부산광역시 | · 추경예산안 : 50,000천원(시비) | · 사업내용 | 도시인프라개발과","○ 추진상황 | - ’26. 5. ‘27 복합해양레저관광도시 추가 선정 예산(부처안) 제출(→기획처) | - ’26. 9. 정부안 반영 | - ’27. 1.~6. 해수부 공모시행 | ○ 요구내용(사업설명서 기반 초안) | - 추경예산안 : 50,000천원(시비) | ◈ 검토의견 | - (심사자 작성) 사업설명서 대비 요구 타당성·재원·시기 검토 후 기재"
"43","도시인프라개발과","남부권 광역관광개발 (중기주요사업)","낙동선셋 화명에코파크 조성(가족애놀이터)(401-01)","40101","EXACT","1","투자심사조서","도시인프라개발과","남부권 광역관광개발(자본)","1","R1002758491","114","166","","· 위치(구간): 부산 북구 화명생태공원 일원(덕천동 763, 화명동 1718-15번지) | · 사업규모: 화명 가족애(愛) 놀이터 A=23,200㎡ (자연놀이마당,피크닉존)조성 | · 총사업비: 7,764 | ※ 재원부담: 국비 50% / 시비 50% ▷ 사업추진: 낙동강관리본부 | · 사업기간: (계속) 2025년 ~ 2028년(4년간) | · 2025년~2028, 도시인프라개발과","○ 요구내용(사업설명서 기반 초안) | - 문화체육관광부「남부권 광역관광 개발계획」1단계 선정 사업 본격 추진에 따른 단계별 사업비 확보 | (’25년 국비 178백만원, ’26년 국비 381백만원 확보에 따른 시비 매칭분) | - 문화체육관광부는 지방비 매칭이 확보되지 않을 경우 국비를 교부하지 않는다는 입장이므로, 매칭 재원 확보하여 국비 확보코자 함. | - 추경예산안(비교증감) | - 381백 | 만원(시비) | ◈ 검토의견 | - (심사자 작성) 사업설명서 대비 요구 타당성·재원·시기 검토 후 기재"
"44","도시인프라개발과","남부권 광역관광개발 (중기주요사업)","낙동선셋 화명에코파크 조성(수상극장)(403-01)","40301","EXACT","1","투자심사조서","도시인프라개발과","남부권 광역관광개발(자본)","1","R1002658477","133","353","","· 위치(구간): 북구 화명생태공원 내 선착장일원(덕천동 763번지) | · 총사업비: 26,886 | ※ 재원부담: 국비 50% 시비 25%, 구비 25% | · 사업기간: (계속) 2025년 ~ 2028년(4년간) | · 2025년~2028, 도시인프라개발과","○ 요구내용(사업설명서 기반 초안) | - 문화체육관광부「남부권 광역관광 개발계획」1단계 선정 사업 본격 추진에 따른 단계별 사업비 확보 (’26년 국비 1,280백만원 확보 | 에 따른 시비 매칭분 | - 문화체육관광부는 지방비 매칭이 확보되지 않을 경우 국비를 교부하지 않는다는 입장이므로, 매칭 재원 확보하여 국비 확보코자 함. | - 추경예산안(비교증감) | - 161백만원(시비 161) | ◈ 검토의견 | - (심사자 작성) 사업설명서 대비 요구 타당성·재원·시기 검토 후 기재"
"45","도시인프라개발과","남부권 광역관광개발 (중기주요사업)","아미산 낙조 관광경관 명소화(403-01)","40301","EXACT","1","투자심사조서","도시인프라개발과","남부권 광역관광개발(자본)","1","R1002658477","133","353","","· 위치(구간): 사하구 다대동 1548-2, 482-3번지 일원 | · 사업규모 - 아미산 낙조 어반코어: 수직형 엘리베이터 타워 및 연결 보행교 A=800㎡ | · 총사업비: 19,580백만원(공사 17,740, 설계·감리 1,140, 진흥 700) | ※ 재원부담: 국비 50%, 시비 25%, 구비 25% | · 사업기간: (계속) 2024년 ~ 2028년(5년간) | · 사업내용: 아미산 낙조 어반코어 및 낙조광장 일루션라이트 조성, | · 사업성과: 남부권 대표 관광경관 명소 조성으로 지역 관광환경을 개선하고 관광경쟁력을 제고하여 국가균형발전 실현 | · 2024년~2028, 도시인프라개발과","○ 요구내용(사업설명서 기반 초안) | - 문화체육관광부「남부권 광역관광 개발계획」1단계 선정 사업 본격 추진에 따른 단계별 사업비 확보(’26년 국비 810백만원 확보 | 에 따른 시비 매칭분 | 문화체육관광부는 지방비 매칭이 확보되지 않을 경우 국비를 교부하지 않는다는 | 입장으로, ’26년 국비 810백만원 중 미교부된 220백만원 교부를 위해 매칭비율에 따라 지방비(시비 220백만원) 확보 필요 | - 추경예산안(비교증감) | - 220 | 백만원(시비 220) | ◈ 검토의견 | - (심사자 작성) 사업설명서 대비 요구 타당성·재원·시기 검토 후 기재"
"46","건설행정과","민간투자사업 유료도로 재정지원 (중기주요사업)","을숙도대교 민간투자사업 재정지원(406-01)","40601","EXACT","1.08","투자심사조서","건설행정과","민간투자사업 유료도로 재정지원","1","R0000220911","93","228","","· 위치(구간): 강서구 명지동 ~ 사하구 신평동 | · 사업규모: L= 5,210m, B= 23.5~35.0m | · 총사업비: 458,864백만원(기타) | ※ 재원부담: 시비 100% | · 사업기간: (계속) 2010년 ~ 2040년(30년간) | · 사업내용: 실시협약에 따른 통행료 미인상분 등 재정지원 | · 사업성과: 통행료미인상, 출퇴근 할인에 따른 이용시민의 통행료 부담 경감 | · 2010년~2040, 건설행정과","○ 요구내용(사업설명서 기반 초안) | - 실시협약 제60조 제3항에 따른 출퇴근면제 보전분 재정지원 | ※ 을숙도대교 민간투자사업 실시협약 | 제60조 주무관청의 귀책 사유 | ① 본 협약의 해석에 있어 다음 각 호의 사유들은 주무관청의 귀책사유로 간주된다. 3. | 본 협약에서 달리 규정하는 경우를 제외하고, 주무관청의 요청이나 방침 등으로 인하여 | 본 협약에 따라 조정, 결정된 통행료 보다 낮은 수준의 통행료를 징수하여야 하는 경우③ 본 협약에 달리 정한 경우를 제외하고, 제1항에 정한 사유가 발생하는 경우 주무관청은건설기간 중 사업시행자에게 실제 발생한 비용 또는 운영기간 중의 발생 손실에 대하여 사업시행자에게 보상하도록 한다. … | - 추경예산안(비교증감) | - 3,056 | ◈ 검토의견 | - (심사자 작성) 사업설명서 대비 요구 타당성·재원·시기 검토 후 기재"
"47","건설행정과","민간투자사업 유료도로 재정지원 (중기주요사업)","거가대로 민간투자사업 재정지원(406-01)","40601","EXACT","1.08","투자심사조서","건설행정과","민간투자사업 유료도로 재정지원","1","R0000220911","93","228","","· 위치(구간): 부산시 강서구 천성동 ~ 경남 거제시 장목면 | · 사업규모: L= 8,204m, B= 20.5m | · 총사업비: 613,716백만원(기타) ※ 재원부담: 시비 100% | · 사업기간: (계속) 2011년 ~ 2050년(40년간) | · 사업내용: 실시협약에 따른 비용보장금액 미달분 재정지원 | · 사업성과: 비용보전방식 변경, 자금재조달 등 재정절감(약 2조8,673억원) | · 2011년~2050, 건설행정과","○ 요구내용(사업설명서 기반 초안) | - 재정지원금 산정근거중 적용 금리 대폭인상으로 연간 재정지원금 증가 예상 | (12월 발표 / 3.67% → 3.94%) | - 예측 대비 | 통행량 감소에 따른 사업운영수입 감소로 재정지원금 증가 | ※ 부산~거제간 연결도로 민간투자사업 실시협약 | 제55조 통행료수입 보장 및 환수 | ② 주무관청은 민간투자법, 민간투자법시행령, 민간투자사업기본계획 등에 따라 운영개시일로부터20년 기간 동안 매 운영년도의 부가가치세를 제외한 실제 통행료수입이 보장기준 통행료 수입에미달하는 경우, 제5항에 정한 방식에 따라그 부족액을 주무관청(내부분담은 부산광역시와 경상남도가1/2씩 부담)이 사업시행자에게 지급하되, … | - 추경예산안(비교증감) | ◈ 검토의견 | - (심사자 작성) 사업설명서 대비 요구 타당성·재원·시기 검토 후 기재"
"48","건설행정과","민간투자사업 유료도로 재정지원 (중기주요사업)","산성터널 민간투자사업 재정지원(406-01)","40601","EXACT","1.08","투자심사조서","건설행정과","민간투자사업 유료도로 재정지원","1","R0000220911","93","228","","· 위치(구간): 북구 화명동 ~ 금정구 장전동 | · 사업규모: L= 5,620m, B= 27~42m | · 총사업비: 424,623백만원(기타) | ※ 재원부담: 시비 100% | · 사업기간: (계속) 2018년 ~ 2048년(30년간) | · 사업내용: 실시협약에 따른 통행료미인상 보전금 등 재정지원 | · 사업성과: 통행료미인상에 따른 이용시민의 통행료 부담 경감 | · 2018년~2048, 건설행정과","○ 요구내용(사업설명서 기반 초안) | - 실시협약 제61조 제1항에 따라 통행료미인상 보전금 등 재정지원 | ※ 산성터널 민간투자사업 실시협약 | 제61조 불가항력 사유 및 처리 | ① 사업기간 중 본 협약의 해석에 있어 불가항력 사유로서 비정치적 불가항력 사유 및 이와 동일시취급되는 사유는 다음 각 호와 같다. 4. 민간투자법, 민간투자법시행령, 민간투자사업기본계획, 기타 사회기반시설에 대한 민간투자정책의 변경이 사업시행자에게 직접적이고 현저하게 불리한 영향을 미치는 경우 다만, 정부의 요구나 방침 등으로 인하여 본 협약에 따라 결정된 사용료보다 낮은 수준의 사용료를 징수하게 됨으로 인하여 발생하는 손실은 주무관청의 책임으로 함. | - 추경예산안(비교증감) | - 1,789 | 백만원(시비) | ◈ 검토의견 | - (심사자 작성) 사업설명서 대비 요구 타당성·재원·시기 검토 후 기재"
"49","안전정책과","급경사지·산사태 안전산업 진흥시설 조성 지원 사업(국가직접지원) (중기주요사업)","급경사지 산사태 안전산업 진흥시설 조성(401-01등)","40101","EXACT","0.92","투자심사조서","안전정책과","급경사지·산사태 안전산업 진흥시설 조성 지원 사업(국가직접지원)","1","R1003948098","138","296","","· 사업규모: 진흥시설 조성 | · 총사업비: 16,374백만원(국비 7,000 시비 7,116, 현물 2,258) | ※ 재원부담: 국비 42.75%, 시비 43.46%, 기타(현물) 13.79% | · 사업기간: (계속) 2025년 ~ 2027년(3년간) | · 사업내용: 지역특성을 반영한 재난 | · 2025년~2027, 안전정책과","○ 요구내용(사업설명서 기반 초안) | - 급경사지·산사태 안전산업 진흥시설 조성지(부지·건물) 공유재산 취득 취소에 따른 자산취득비(1,926백만원) 중 불용 예정액(1,000백만원) 감액 조치 | - 추경예산안(비교증감) | - 추경예산 △1,000 | 백만원 | ▹ 시설비(401-01) : 926백만원 (△1,000백만원) | ▹ 공기관등에대한자본적위탁사업비(403-02) : 690백만원 | ※ 국가직접지원(국비) 1,500백만원, 민자(현물) 755백만원 별도 | ◈ 검토의견 | - (심사자 작성) 사업설명서 대비 요구 타당성·재원·시기 검토 후 기재"
"50","자연재난과","자연재난 예방 홍보 및 교육","26년 폭염대책비(성립전)(201-01, 308-01, 401-01)","20101","EXACT","1.08","경상심사조서","자연재난과","자연재난 예방 홍보 및 교육","1","R0000120756","30","96","","· 시행주체 : 부산광역시, 구․군 | · 추경예산안(비교증감) | · 사업내용 | 자연재난과","○ 추진상황 | - ’26. 4. 사업 수요조사 실시 | - ’26. 5. 성립전사용 승인 요청 및 해양도시안전위원회 보고 | - ’26. 5.~12. 사업 진행(폭염피해 저감시설 설치 등) | - ’27. 1. 결과보고서 제출, 잔액 및 이자 정산 | ○ 요구내용(사업설명서 기반 초안) | - 추경예산안(비교증감) | ◈ 검토의견 | - (심사자 작성) 사업설명서 대비 요구 타당성·재원·시기 검토 후 기재"
"51","자연재난과","지진대비 인프라구축 (성인지예산, 중기주요사업)","지진안전 시설물 인증 지원(307-02)","30702","LIKELY","0.8","경상심사조서","자연재난과","지진안전 대책 추진(자연재난과)","1","R1001275698","96","171","별칭/재매칭","· 사업기간 : (계속) 2026년 | · 시행주체 : 민간지원(지정형) | · 추경예산안 | ※ 재원부담 : 국비 60%, 시비 40% | · 사업내용 | 자연재난과","○ 추진상황 | - ’26. 1. ’26년 지진안전 시설물 인증 지원사업 지원 공고 | - ’26. 6.~ ’26년 지방보조금심의 및 지원 대상 통보 | - ’24. 10.~12. 성능평가 용역 및 인증 완료 건축물 보조금 지원 | ○ 요구내용(사업설명서 기반 초안) | - 추경예산안 | ◈ 검토의견 | - (심사자 작성) 사업설명서 대비 요구 타당성·재원·시기 검토 후 기재"
"52","자연재난과","재해위험지구 정비 (중기주요사업)","범일2지구 자연재해위험지 정비 (403-01)","40301","EXACT","1.08","투자심사조서","자연재난과","재해위험지구 정비","1","R1003947066","114","345","","· 위치(구간) : 동구 범일동 자성로 108번길 19(자성대아파트 일원) | · 사업규모 : 펌프시설 Q=945㎥/min, 저류조 V=4,800㎡ | · 총사업비 : 23,000백만원 (공사 12,450, 보상 8,700, 기타 1,850) | ※ 재원부담 : 국비 50%, 시비 25%, 구비 25% | · 사업기간: (계속) 2021년 ~ 2028년(8년간) | · 사업내용 : 상습침수지역인 범일2지구 내 배수펌프 및 관로정비 등 | · 사업성과 : 자성대아파트 일원 침수피해를 예방하여 주민의 생명과 재산 보호 | · 2021년~2028, 자연재난과","○ 요구내용(사업설명서 기반 초안) | - 자성대아파트 일원 침수피해를 예방사업을 위한 국비(1,500백만원) 사업비에 | 대한 지방비(시비) 미매칭분 반영 | - 추경예산안(비교증감) | - 750 | 백만원(국비-, 시비 750) ※ 구비 -백만원 별도 | ◈ 검토의견 | - (심사자 작성) 사업설명서 대비 요구 타당성·재원·시기 검토 후 기재"
"53","자연재난과","재해위험지구 정비 (중기주요사업)","망미2지구 자연재해위험지 정비(403-01)","40301","EXACT","1.08","투자심사조서","자연재난과","재해위험지구 정비","1","R1003947066","114","345","","· 위치(구간) : 수영구 망미동 212-9번지 일원 | · 총사업비 : 38,500백만원 | ※ 재원부담 : 국비 50%, 시비 25%, 구비 25% | · 사업기간 : (계속) 2023년 ~ 2028년(5년간) | · 사업내용 : 상습침수지역인 망미2지구 내 고지배수로 및 관로정비 등 | · 사업성과 : 우리은행 일원 침수피해를 예방하여 주민의 생명과 재산보호 | · 2023년~2028, 자연재난과","○ 요구내용(사업설명서 기반 초안) | - 우리은행 일원 상습침수지 정비를 위한 국비(2,000백만원) 사업비에 | 대한 지방비(시비) 미매칭분 반영 | - 추경예산안(비교증감) | - 1,000 | 백만원(국비-, 시비 1,000) ※ 구비 -백만원 별도 | ◈ 검토의견 | - (심사자 작성) 사업설명서 대비 요구 타당성·재원·시기 검토 후 기재"
"54","자연재난과","재해위험지구 정비 (중기주요사업)","금사1지구 자연재해위험지 정비(403-01)","40301","EXACT","1.08","투자심사조서","자연재난과","재해위험지구 정비","1","R1003947066","114","345","","· 위치(구간) : 금정구 금사동 154번지 일원 | · 총사업비 : 12,000백만원( | ※ 재원부담 : 국비 50%, 시비 25%, 구비 25% | · 사업기간 : (계속) 2023년 ~ 2028년(6년간) | · 사업내용 : 상습침수지역인 금사1지구 내 수문일체형 펌프 설치 등 | · 사업성과 : 보람공원 일원 침수피해를 예방하여 주민의 생명과 재산 보호 | · 2023년~2028, 자연재난과","○ 요구내용(사업설명서 기반 초안) | - 사업추진(예산집행) 현황에 따른 부산시 내 재해예방사업 지구간 사업비 | 변경(조정)에 따른 국비 조정(감500백만원) 편성 | ※금사1지구 국비 감500백만원 → 수영만지구 국비 증 500백만원 | - 추경예산안 | - △500백만원(국비 △500, 시 -) | ※ 구비 | △250 | 백만원 별도 | ◈ 검토의견 | - (심사자 작성) 사업설명서 대비 요구 타당성·재원·시기 검토 후 기재"
"55","자연재난과","재해위험지구 정비 (중기주요사업)","안락·서원지구 자연재해위험지 정비(403-01)","40301","EXACT","1.08","투자심사조서","자연재난과","재해위험지구 정비","1","R1003947066","114","345","","· 사업규모 : 배수펌프장 설치, 관로개선 등 | ※ 재원부담 : 국비 50%, 시비 25%, 구비 25% | · 사업기간 : (계속) 2023년 ~ 2028년(6년간) | · 사업내용 : 상습 침수지역인 안락·서원지구 내 펌프장 설치 등 | · 사업성과 : 서원시장 및 온천천카페거리 일원의 침수 피해를 예방하여 주민의 | · 2023년~2028, 자연재난과","○ 요구내용(사업설명서 기반 초안) | - 온천천카페거리 일원 상습침수지 정비를 위한 국비(2,500백만원) 사업비에 | 대한 지방비(시비) 미매칭분 반영 | - 추경예산안(비교증감) | - 1,250 | 백만원(국비-, 시비 1,250) ※ 구비 -백만원 별도 | ◈ 검토의견 | - (심사자 작성) 사업설명서 대비 요구 타당성·재원·시기 검토 후 기재"
"56","자연재난과","재해위험지구 정비 (중기주요사업)","암남5지구 자연재해위험지 정비(403-01)","40301","EXACT","1.08","투자심사조서","자연재난과","재해위험지구 정비","1","R1003947066","114","345","","· 사업규모 : 기존 수중방파제 보강 L=325m 등 | · 총사업비 : 41,000 | ※ 재원부담 : 국비 50%, 시비 25%, 구비 25% | · 사업기간 : (계속) 2024년 ~ 2028년(5년간) | · 사업내용 : 송도해수욕장 주변 | · 2024년~2028, 자연재난과","○ 요구내용(사업설명서 기반 초안) | 송도해수욕장 일원 태풍 및 월파피해 | 정비를 위한 국비(400백만원) 사업비에 | 대한 지방비(시비) 미매칭분 반영 | - 추경예산안(비교증감) | - 200 | 백만원(국비-, 시비 200) ※ 구비 -백만원 별도 | ◈ 검토의견 | - (심사자 작성) 사업설명서 대비 요구 타당성·재원·시기 검토 후 기재"
"57","자연재난과","재해위험지구 정비 (중기주요사업)","토곡지구 자연재해위험지 정비(403-01)","40301","EXACT","1.08","투자심사조서","자연재난과","재해위험지구 정비","1","R1003947066","114","345","","· 위치(구간): 연제구 연산동 403번지 일원 | · 총사업비: 46,000백만원(공사 41,275, 설계 2,325, 감리 2,400) | ※ 재원부담: 국비 50%, 시비 25%, 구비 25% | · 사업기간: (계속) 2024년 ~ 2028년(5년간) | · 사업내용: 자연재해위험개선지구(토곡지구) 내 펌프장 설치 및 관로 정비 | · 사업성과: 자연재해위험개선지구(토곡지구) 내 침수피해 해소로 주민의 생명 및 재산 보호 | · 2024년~2028, 자연재난과","○ 요구내용(사업설명서 기반 초안) | - 토곡사거리 일원 상습침수지 정비를 위한 국비(400백만원) 사업비에 | 대한 지방비(시비) 미매칭분 반영 | - 추경예산안(비교증감) | - 200 | 백만원(국비-, 시비 200) ※ 구비 -백만원 별도 | ◈ 검토의견 | - (심사자 작성) 사업설명서 대비 요구 타당성·재원·시기 검토 후 기재"
"58","자연재난과","재해위험지구 정비 (중기주요사업)","초량지구 자연재해위험지 정비(403-01)","40301","EXACT","1.08","투자심사조서","자연재난과","재해위험지구 정비","1","R1003947066","114","345","","· 사업규모 : 펌프시설 Q=480㎥/min, 관로정비 L=3.87km 등 | ※ 재원부담 : 국비 50%, 시비 25%, 구비 25% | · 사업기간 : (계속) 2024년 ~ 2028년(5년간) | · 사업내용 : 초량1지하차도 일원 침수 및 인명패해발생 예방을 위해 배수펌프장 신설 및 관로정비 | · 사업성과 : 초량1지하차도 일원 침수피해를 예방하여 주민의 생명과 재산보호 | · 2024년~2028, 자연재난과","○ 요구내용(사업설명서 기반 초안) | - 사업추진(예산집행) 현황에 따른 부산시 내 재해예방사업 지구간 사업비 | 변경(조정)에 따른 국비 조정(감450백만원) 편성 | ※초량지구 국비 감450백만원 → 수영만지구 국비 증 450백만원 | - 추경예산안 | - △450백만원(국비 △450, 시 -) | ※ 구비 -백만원 별도 | ◈ 검토의견 | - (심사자 작성) 사업설명서 대비 요구 타당성·재원·시기 검토 후 기재"
"59","자연재난과","급경사지 붕괴위험지역 정비 (중기주요사업)","영선2-1지구 붕괴위험지 정비(403-01)","40301","EXACT","1.08","투자심사조서","자연재난과","급경사지 붕괴위험지역 정비","1","R1003949173","121","291","","· 위치(구간): 영도구 영선동4가 186-28 일원 | · 사업규모: 붕괴위험지 정비 A=7,786㎡ | · 총사업비: 12,552백만원(공사 8,607, 보상 2,220, 설계 200, 감리 1,525) | ※ 재원부담: 국비 50%, 시비 25%, 구․군비 25% | · 사업기간: (계속) 2023년 ~ 2027년(5년간) | · 2023년~2027, 자연재난과","○ 요구내용(사업설명서 기반 초안) | - 흰여울문화마을 일원 급경사지 사면보강 공사를 위한 사업비 반영 | ※ 국비에 대한 지방비(253백만원) 매칭 | - 추경예산안 | - 253백만원(국비-, 시비 253 | 백만원) | ※ 구비 -백만원 별도 | ◈ 검토의견 | - (심사자 작성) 사업설명서 대비 요구 타당성·재원·시기 검토 후 기재"
"60","자연재난과","급경사지 붕괴위험지역 정비 (중기주요사업)","영선2-2지구 붕괴위험지 정비(403-01)","40301","EXACT","1.08","투자심사조서","자연재난과","급경사지 붕괴위험지역 정비","1","R1003949173","121","291","","· 위치(구간): 영도구 영선동4가 1210-22 일원 | · 사업규모: 붕괴위험지 정비 A=7,488㎡ | · 총사업비: 9,620백만원(공사 6,591, 보상1,318, 설계 200, 감리 1,511) | ※ 재원부담: 국비 50%, 시비 25%, 구․군비 25% | · 사업기간: (계속) 2023년 ~ 2027년(5년간) | · 2023년~2027, 자연재난과","○ 요구내용(사업설명서 기반 초안) | - 흰여울문화마을 일원 급경사지 사면보강 공사를 위한 사업비 반영 | ※ 국비에 대한 지방비(855백만원) 매칭 | - 추경예산안 | - 855백만원(국비-, 시비 855 | 백만원) | ※ 구비 -백만원 별도 | ◈ 검토의견 | - (심사자 작성) 사업설명서 대비 요구 타당성·재원·시기 검토 후 기재"
"61","사회재난과","사회재난(지반침하 등) 예방 사업 (성인지예산, 중기주요사업)","사회재난(지반침하 등) 예방 사업 (308-13)","30813","LIKELY","0.8","경상심사조서","사회재난과","사회재난 예방 홍보 및 교육","1","R0000209959","69","103","별칭/재매칭","· 사업기간 : (신규) 2026. 8월 ~ 12월 | · 시행주체 : (재)부산테크노파크(공공기관) | · 추경예산안(비교증감) : 증 125,000천원 | ※ 재원부담 : 시비 100% | · 사업내용 | 사회재난과","○ 추진상황 | - ’26. 8. ’26년 공공기관 위탁․대행 심의위원회 개최 | - ’26. 9. ’26년 3차 추가경정예산 확정 ▸ 시의회 동의 예외 대상 | - ’26. 9. 대행 계약 체결 | ○ 요구내용(사업설명서 기반 초안) | - 추경예산안(비교증감) : 증 125,000천원 | ◈ 검토의견 | - (심사자 작성) 사업설명서 대비 요구 타당성·재원·시기 검토 후 기재"
"62","원자력안전과","방사능방재 훈련 실시","방사능방재 훈련경비(201-01)","20101","EXACT","1.08","경상심사조서","원자력안전과","방사능방재 훈련 실시","1","R0000172524","133","182","","· 사업기간 : (계속) 2026년 | · 시행주체 : 부산광역시 | · 사업내용 | 원자력안전과","○ 추진상황 | - ’26. 2. 2026년 부산광역시 방사능방재 훈련 준비 워크숍 개최 | - ’26. 7. 2026년 부산광역시 방사능방재 훈련 기본계획 수립 | - ’26. 8. 방사능방재 합동훈련 종합 워크숍 개최 | - ’26. 11. 2026년 부산광역시 방사능방재 합동훈련 실시 | ◈ 검토의견 | - (심사자 작성) 사업설명서 대비 요구 타당성·재원·시기 검토 후 기재"
"63","원자력안전과","원자력산업 육성 세미나 지원","원자력산업 육성 세미나 등 개최(201-03)","20103","EXACT","1.08","경상심사조서","원자력안전과","원자력산업 육성 세미나 지원","1","R0000218424","136","104","","· 사업기간 : (계속) 2026년 | · 시행주체 : 부산광역시 | · 추경예산안(비교증감) : 30,000천원(시비) | ※ 재원부담 : 시비 100% | · 사업내용 | 원자력안전과","○ 추진상황 | - ’26. 6. 해양SMR 육성 세미나 개최 | - ’26. 9~12. 원자력(SMR 포함) 포럼, 세미나 등 개최 | ○ 요구내용(사업설명서 기반 초안) | - 추경예산안(비교증감) : 30,000천원(시비) | ◈ 검토의견 | - (심사자 작성) 사업설명서 대비 요구 타당성·재원·시기 검토 후 기재"
"64","교통혁신과","고령자 교통사고 줄이기 추진(교통사업특별회계) (중기주요사업)","고령자 운전면허 자진반납자 교통비 지원(301-14)","30114","EXACT","1.05","경상심사조서","교통혁신과","고령자 교통사고 줄이기 추진","1","R0000210183","107","121","","· 사업기간 : (계속) 2026년 | · 시행주체 : 부산광역시 | · 추경예산안 : 57,480천원(국비) | · 사업내용 | 교통혁신과","○ 추진상황 | - ’25. 12. 고령자 운전면허 자진반납 우대제도 추진계획 수립 | - ’26. 2. ~ 12. | ○ 요구내용(사업설명서 기반 초안) | - 추경예산안 : 57,480천원(국비) | ◈ 검토의견 | - (심사자 작성) 사업설명서 대비 요구 타당성·재원·시기 검토 후 기재"
"65","교통혁신과","어린이 교통안전교육장 운영(교통사업특별회계) (중기주요사업)","초읍 어린이 교통안전교육장 운영 [307-05]","30705","EXACT","0.92","투자심사조서","교통혁신과","어린이 교통안전교육장 운영","4","R1001263774","138","295","","· 사업기간 : (계속) 2026년 | · 시행주체 : 민간위탁(공모) | · 추경예산안 : 150,000천원(시비) | · 사업내용 | 교통혁신과","○ 추진상황 | - ‘26. 3. 주택도시보증공사 사회공헌사업 공모 신청 | - ‘26. 4. ~ 6. 공모 선정 및 세부계획 협의 | - ’26. 7. ~ 8. 기부심사위원회 심사 의뢰 및 기부금 전달 | - ’26. 10. ~ 12. 교육장 노후시설 정비 등 | ○ 요구내용(사업설명서 기반 초안) | - 추경예산안 : 150,000천원(시비) | ◈ 검토의견 | - (심사자 작성) 사업설명서 대비 요구 타당성·재원·시기 검토 후 기재"
"66","교통혁신과","광역교통시설부담금 국고귀속분 납부(광역교통시설특별회계) (중기주요사업)","광역교통시설부담금 국고분 납부(308-14)","30814","EXACT","1.08","경상심사조서","교통혁신과","광역교통시설부담금 국고귀속분 납부","1","R0000066254","114","176","","· 사업기간 : (계속) 2026년 | · 추경예산안 : 1,500,000천원(시비) | - 사업내용 : 광역교통시설부담금 징수액의 40% 국고 납입 | 교통혁신과","○ 추진상황 | - ’26. 7. 상반기 광역교통시설부담금 국고분 납입 | - ’26. 12. 하반기 광역교통시설부담금 국고분 납입 | ○ 요구내용(사업설명서 기반 초안) | - 추경예산안 : 1,500,000천원(시비) | ◈ 검토의견 | - (심사자 작성) 사업설명서 대비 요구 타당성·재원·시기 검토 후 기재"
"67","대중교통과","저상버스 도입보조 (중기주요사업)","저상버스 도입보조(307-09)","30709","EXACT","1","투자심사조서","대중교통과","저상버스 도입보조","1","R0000158607","152","317","","· 사업기간 : (계속) 2026년 | · 시행주체 : 부산광역시 | · 추경예산안: 512,910천원(국비 256,455, 시비 256,455) | ※ 재원부담 : 국비 50%, 시비 50% | · 사업내용 | 대중교통과","○ 추진상황 | - ’26. 1~6. 93대 도입 | - ’26. 7~12. 144대 도입 | ○ 요구내용(사업설명서 기반 초안) | - 추경예산안: 512,910천원(국비 256,455, 시비 256,455) | ◈ 검토의견 | - (심사자 작성) 사업설명서 대비 요구 타당성·재원·시기 검토 후 기재"
"68","대중교통과","시내버스 준공영제 지원 (중기주요사업)","시내버스 준공영제 운송손실 지원(307-09)","30709","EXACT","1.05","경상심사조서","대중교통과","시내버스 준공영제 지원","1","R0000222363","23","61","","· 사업기간 : (계속) 2026년 | · 시행주체 : 부산광역시 | · 추경예산안(비교증감) : 131,000,000천원(시비) | · 사업내용 | 대중교통과","○ 추진상황 | - ’26. 下. 교통위원회 심의 후, 제3회 추경예산 집행 예정 | ○ 요구내용(사업설명서 기반 초안) | - 추경예산안(비교증감) : 131,000,000천원(시비) | ◈ 검토의견 | - (심사자 작성) 사업설명서 대비 요구 타당성·재원·시기 검토 후 기재"
"69","대중교통과","운수업체 유가보조 (중기주요사업)","버스 유가보조금 지급(307-09)","30709","UNMATCHED","0","경상심사조서","","","1","","36","73","부서불일치로 매칭 취소","· 사업기간 : (계속) 2026년 | · 시행주체 : 부산광역시 | · 추경예산안 : 3,612,000천원(시비) | · 사업내용 | 대중교통과","○ 추진상황 | - ’26. 1.~ 7. ’25년12월~’26년 6월 사용분에 대한 버스 유가보조금 지급 | - ’26. 8.~12. ’26년 7월~’26년11월 사용분에 대한 버스 유가보조금 지급 | ○ 요구내용(사업설명서 기반 초안) | - 추경예산안 : 3,612,000천원(시비) | ◈ 검토의견 | - (심사자 작성) 사업설명서 대비 요구 타당성·재원·시기 검토 후 기재"
"70","대중교통과","마을버스 환승할인제 등 지원 (중기주요사업)","마을버스 환승할인제 등 재정지원(307-09)","30709","EXACT","1.08","투자심사조서","대중교통과","마을버스 환승할인제 등 지원","1","R0000109477","120","405","","· 사업기간 : (계속) 2026년 | · 시행주체 : 부산광역시 | · 추경예산안 : 511,374천원(시비) | · 사업내용 | 대중교통과","○ 추진상황 | - ’08. 7. 마을버스 환승 할인제 시행 | - ’23.10. 마을버스 요금 인상 및 어린이요금 무료화 정책 시행 | - ’26.1~12. | ○ 요구내용(사업설명서 기반 초안) | - 추경예산안 : 511,374천원(시비) | ◈ 검토의견 | - (심사자 작성) 사업설명서 대비 요구 타당성·재원·시기 검토 후 기재"
"71","대중교통과","마을버스 환승할인제 등 지원 (중기주요사업)","마을버스 어린이요금 무료화 결손금(307-09)","30709","EXACT","1.08","투자심사조서","대중교통과","마을버스 환승할인제 등 지원","1","R0000109477","120","405","","· 사업기간 : (계속) 2026년 | · 시행주체 : 부산광역시 | · 추경예산안 : 124,252천원(시비) | · 사업내용 | 대중교통과","○ 추진상황 | - ’23.10. 대중교통 어린이요금 무료화 시행(어린이 교통카드 사용 시) | - ’23.11. | - ’26.1~12. 마을버스 등 어린이요금 결손금 재정지원(계속) | ○ 요구내용(사업설명서 기반 초안) | - 추경예산안 : 124,252천원(시비) | ◈ 검토의견 | - (심사자 작성) 사업설명서 대비 요구 타당성·재원·시기 검토 후 기재"
"72","대중교통과","시내버스 기반시설 확충","버스정류소 시설물 설치(401-01)","40101","EXACT","1.08","투자심사조서","대중교통과","시내버스 기반시설 확충","1","R1003959792","98","305","","· 사업기간 : (계속) 2026. 9월 ~ 12월 | · 시행주체 : 부산광역시 | · 추경예산안 : 40,000천원(시비) ※ 재원부담 : 시비 100% | · 사업내용 | 대중교통과","○ 추진상황 | - ’26. 9. BRT 편의시설 철거 및 교체 공사 추진 | ○ 요구내용(사업설명서 기반 초안) | - 추경예산안 : 40,000천원(시비) ※ 재원부담 : 시비 100% | ◈ 검토의견 | - (심사자 작성) 사업설명서 대비 요구 타당성·재원·시기 검토 후 기재"
"73","대중교통과","시내버스 기반시설 확충","BRT 시설물 유지관리(401-01)","40101","EXACT","1","투자심사조서","대중교통과","시내버스 기반시설 확충","1","L0000001400","89","157","부서필수재매칭","· 사업기간 : (계속) 2026년 | · 시행주체 : 부산광역시 | · 추경예산안 : 500,000천원(시비) | · 사업내용 | 대중교통과","○ 추진상황 | - ’26. 1.~12. 월 2회 이상 현장점검 시행 | - ’26. 9.~12. 공사 착공 및 완료 | ○ 요구내용(사업설명서 기반 초안) | - 추경예산안 : 500,000천원(시비) | ◈ 검토의견 | - (심사자 작성) 사업설명서 대비 요구 타당성·재원·시기 검토 후 기재"
"74","대중교통과","기장마을버스공영차고지조성 타당성조사용역","기장마을버스공영차고지조성 타당성조사용역(401-01등)","40101","LIKELY","0.7","경상심사조서","대중교통과","시내버스 공영차고지 유지관리","1","R1001261890","139","409","별칭/재매칭","· 위치(구간): 기장군 일광읍 삼성리 508일원 | · 사업규모: 타당성조사용역 1식 | · 총사업비: 50백만원(용역50) | ※ 재원부담: 시비 100% | · 사업기간: 2026년 | · 사업내용: 기장군 마을버스 공영차고지(A=3,300㎡) 조성 1식 | · 사업성과: 기장군 마을버스 공영차고지 조성 및 수소 및 전기 충전시설 | 대중교통과","○ 요구내용(사업설명서 기반 초안) | - 기장군 마을버스 조성을 위한 기장군 요청지 입지 타당성조사 검토 필요 | ◈ 검토의견 | - (심사자 작성) 사업설명서 대비 요구 타당성·재원·시기 검토 후 기재"
"75","대중교통과","대중교통비 환급 지원 (중기주요사업)","대중교통비 환급 지원(308-13)","30813","EXACT","1","투자심사조서","대중교통과","대중교통비 환급 지원","9","R1001614037","132","293","","· 사업기간: (계속) 2026년 | · 시행주체: 국토교통부, 부산광역시 | ※ 재원부담 : 국비 50%, 시비 50% | 대중교통과","○ 추진상황 | - ’24. 5. 대중교통비 환급지원사업(K-패스) 실시 | - ’26. 1. K패스 정액제(모두의 카드) 시행 | - ’26. 4. K패스와 동백패스 연계 개선 시행 | ◈ 검토의견 | - (심사자 작성) 사업설명서 대비 요구 타당성·재원·시기 검토 후 기재"
"76","대중교통과","대중교통 통합할인제 (중기주요사업)","대중교통 통합할인제 시행(301-14)","30114","EXACT","0.92","투자심사조서","대중교통과","대중교통 통합할인제","1","R1003965245","121","410","","· 사업기간: (계속) 2026년 | · 시행주체: 부산광역시 | · 추경예산안(비교증감) : 9,560,000천원(시비) | · 사업내용 | 대중교통과","○ 추진상황 | - ’25. 2.~6. 동백패스 시행효과 분석 연구 실시 | - ’26. 4. | ○ 요구내용(사업설명서 기반 초안) | - 추경예산안(비교증감) : 9,560,000천원(시비) | ◈ 검토의견 | - (심사자 작성) 사업설명서 대비 요구 타당성·재원·시기 검토 후 기재"
"77","대중교통과","부산교통공사 재정 지원(도시철도사업특별회계) (중기주요사업)","부산교통공사 재정지원금(309-01)","30901","EXACT","0.92","투자심사조서","대중교통과","부산교통공사 재정 지원","9","R0000240235","118","183","","· 추경예산안 : 88,600,000천원(시비) | ※ 재원부담 : 시비 100% | · 사업내용 : 도시철도를 수송원가 이하로 공급하여 발생하는 손실보전 | 대중교통과","○ 추진상황 | - ’26. 12. 보조사업 정산 및 평가 | ○ 요구내용(사업설명서 기반 초안) | - 추경예산안 : 88,600,000천원(시비) | 국제정세 불안에 따른 물가 상승 및 금융비용 증가 등으로 교통공사 | 운영비용 부담과 손실 확대 우려에 선제적으로 대응하여 시민 교통 | 편의를 안정적으로 확보하고자 함 | ◈ 검토의견 | - (심사자 작성) 사업설명서 대비 요구 타당성·재원·시기 검토 후 기재"
"78","택시운수과","특별교통수단 교통약자 콜택시 운영 (중기주요사업)","특별교통수단 교통약자 콜택시 관리운영(308-13)","30813","EXACT","1.08","투자심사조서","택시운수과","특별교통수단 교통약자 콜택시 운영","1","R0000221566","115","398","","· 사업기간 : (계속) 2026년 | · 시행주체 : 부산광역시(위탁운영기관: 부산시설공단) | · 추경예산안(비교증감) : 1,300,000천원(시비) | · 사업내용 | 택시운수과","○ 추진상황 | - ’27. 2. ’26년도 위탁운영비 정산(부산시설공단) | ○ 요구내용(사업설명서 기반 초안) | - 추경예산안(비교증감) : 1,300,000천원(시비) | ◈ 검토의견 | - (심사자 작성) 사업설명서 대비 요구 타당성·재원·시기 검토 후 기재"
"79","택시운수과","특별교통수단 운영비 지원 (중기주요사업)","특별교통수단(두리발) 운영비 지원(국토부)(308-13)","30813","LIKELY","0.7","투자심사조서","택시운수과","특별교통수단(두리발) 확충","4","R1004763581","122","356","별칭/재매칭","· 사업기간 : (계속) 2026년 | · 시행주체 : 부산광역시(위탁운영기관: 부산시설공단) | · 추경예산안(비교증감) : 210,500천원(국비) | · 사업내용 | 택시운수과","○ 추진상황 | - ’26. 4. 국토부 국비 증액 확정 | - ’26. 5. 추경 전 사용승인 및 국비 교부 | - ’27. 2. | ○ 요구내용(사업설명서 기반 초안) | - 추경예산안(비교증감) : 210,500천원(국비) | ◈ 검토의견 | - (심사자 작성) 사업설명서 대비 요구 타당성·재원·시기 검토 후 기재"
"80","트라이포트기획과","운수업체 유가보조 (중기주요사업)","화물자동차 유가보조금 지급 (307-09)","30709","EXACT","0.97","경상심사조서","트라이포트기획과","운수업체 유가보조(화물)","1","R0000219252","36","73","","· 사업기간 : (계속) 2026년 | · 시행주체 : 부산광역시 | · 추경예산안(비교증감) : 40,000,000 | ※ 재원부담 : 시비 100% | · 사업내용 | · 사업성과: 2025년 총 359,048대 지원(116,756백만원) | 트라이포트기획과","○ 요구내용(사업설명서 기반 초안) | - 추경예산안(비교증감) : 40,000,000 | ◈ 검토의견 | - (심사자 작성) 사업설명서 대비 요구 타당성·재원·시기 검토 후 기재"
"81","트라이포트기획과","봉림 화물자동차 공영차고지 등 조성사업 (중기주요사업)","소규모환경영향평가 및 실시설계용역 (401-01)","40101","EXACT","1.08","투자심사조서","트라이포트기획과","봉림 화물자동차 공영차고지 등 조성사업","1","L0000000206","133","285","","· 위치(구간) : 강서구 봉림동 738-1255번지 외 55필지 | · 사업규모 : 면적 30,824㎡, 주차면 233(화물 193, 승용 40) | · 총사업비 : 10,175백만원 | ※ 재원부담 : 시비 100% | · 사업기간 : (계속) 2023년 ~ 2028년(6년간) | · 2023년~2028, 트라이포트기획과","○ 요구내용(사업설명서 기반 초안) | - 봉림 화물자동차 공영차고지 조성 사업 관련 용역 추진 부족분 : 25백만원 | ▹ 실시설계용역 : 25백만원 | ․ 건축부분 감액 설계에 따라 기지급된 선금 | (‘24년 지출) | 환수금분 편성 | - 추경예산안(비교증감) : 25백만원(시비) | ◈ 검토의견 | - (심사자 작성) 사업설명서 대비 요구 타당성·재원·시기 검토 후 기재"
"82","트라이포트기획과","화물자동차 공영차고지 조성 타당성조사 및 기본계획수립","화물자동차 공영차고지 조성 타당성조사 및 기본계획수립 용역 (401-01)","40101","EXACT","0.92","투자심사조서","트라이포트기획과","화물자동차 공영차고지 조성","4","R1004763402","70","194","","※ 재원부담 : 시비 100% | · 사업기간 : (신규) 2026년 ~ 2027년 | · 2026년~2027, 트라이포트기획과","○ 요구내용(사업설명서 기반 초안) | 화물자동차 공영차고지 부지 추가 확보를 통해 만성적인 차고지난 완화, | 도심 내 불법 주·박차 감소를 통한 교통사고 예방 및 원활한 교통 흐름 조성 | - 추경예산안(비교증감) : | 120백만원(시비) | ◈ 검토의견 | - (심사자 작성) 사업설명서 대비 요구 타당성·재원·시기 검토 후 기재"
"83","트라이포트기획과","화물자동차 안전운행 복리 증진","화물자동차 보험료 특별 지원(307-02)","30702","LIKELY","0.7","투자심사조서","트라이포트기획과","화물자동차 안전용품 구입 지원","9","R1004840410","103","301","별칭/재매칭","· 사업기간 : (신규) 2026. 9월 ~ 12월 | · 추경예산안(비교증감) : 6,000,000 | ※ 재원부담 : 시비 100% | · 사업내용 | 트라이포트기획과","○ 요구내용(사업설명서 기반 초안) | - 추경예산안(비교증감) : 6,000,000 | ◈ 검토의견 | - (심사자 작성) 사업설명서 대비 요구 타당성·재원·시기 검토 후 기재"
"84","차량등록사업소","인력운영비","보수(101-01)","10101","UNMATCHED","0","경상심사조서","","","4","","110","233","오매칭 제거(국가유산 보수정비)","· 사업기간 : (계속) 2026년 | · 시행주체 : 부산광역시 차량등록사업소 | · 추경예산안 : 73,320 | · 사업내용 | 차량등록사업소","○ 추진상황 | - ’26. 1. ~ 12. 월별 균등 지급 | ○ 요구내용(사업설명서 기반 초안) | - 추경예산안 : 73,320 | ◈ 검토의견 | - (심사자 작성) 사업설명서 대비 요구 타당성·재원·시기 검토 후 기재"
"85","교통정보서비스센터","교통시설물 관리(교통사업특별회계) (중기주요사업)","교통안전시설(노면표시) 설치(401-01)","40101","EXACT","1.08","투자심사조서","교통정보서비스센터","교통시설물 관리","1","R1002636257","93","224","","· 사업기간 : (계속) 2026년 | · 시행주체 : 부산광역시 교통정보서비스센터 | · 추경예산안(비교증감) : 1,400,000천원(시비) | · 사업내용 | 교통정보서비스센터","○ 추진상황 | - ’26. 1. 2026년 노면표시 공사(단가계약) 착공 | - ’26. 1. ~ 4. 도로 노면표시 상태 조사분석용역 시행 | - ’26. 8. ~ 12. 3등급(불량) 구간 22km 긴급 정비 | - ’26. 12. 2026년 노면표시 공사(단가계약) 준공 | ○ 요구내용(사업설명서 기반 초안) | - 추경예산안(비교증감) : 1,400,000천원(시비) | ◈ 검토의견 | - (심사자 작성) 사업설명서 대비 요구 타당성·재원·시기 검토 후 기재"